url;gender
https://www.lnvtv.com/CompetitionHome.aspx?ID=75;F
https://www.lnvtv.com/CompetitionHome.aspx?ID=74;M
https://www.lnvtv.com/CompetitionHome.aspx?ID=73;M
http://cvf-web.dataproject.com/CompetitionHome.aspx?ID=15;M
http://cvf-web.dataproject.com/CompetitionHome.aspx?ID=16;F
http://cvf-web.dataproject.com/CompetitionHome.aspx?ID=17;M
http://svf-web.dataproject.com/CompetitionHome.aspx?ID=53;M
http://svf-web.dataproject.com/CompetitionHome.aspx?ID=51;F
http://svf-web.dataproject.com/CompetitionHome.aspx?ID=54;M
http://svf-web.dataproject.com/CompetitionHome.aspx?ID=52;F
http://lml-web.dataproject.com/CompetitionHome.aspx?ID=72;M
http://hvf-web.dataproject.com/CompetitionMatches.aspx?ID=21&PID=24;F
http://lml-web.dataproject.com/CompetitionHome.aspx?ID=76;F
http://hvf-web.dataproject.com/CompetitionHome.aspx?ID=20;M
http://hvf-web.dataproject.com/CompetitionHome.aspx?ID=22;F
http://hvf-web.dataproject.com/CompetitionHome.aspx?ID=18;M
http://hvf-web.dataproject.com/CompetitionHome.aspx?ID=23;F
http://hvf-web.dataproject.com/CompetitionHome.aspx?ID=19;M
http://frv-web.dataproject.com/CompetitionHome.aspx?ID=21;F
http://frv-web.dataproject.com/CompetitionHome.aspx?ID=20;M
http://rfevb-web.dataproject.com/CompetitionHome.aspx?ID=69;M
http://rfevb-web.dataproject.com/CompetitionHome.aspx?ID=74;M
http://rfevb-web.dataproject.com/CompetitionHome.aspx?ID=68;F
http://rfevb-web.dataproject.com/CompetitionHome.aspx?ID=73;F
http://tvf-web.dataproject.com/CompetitionHome.aspx?ID=57;M
http://tvf-web.dataproject.com/CompetitionMatches.aspx?ID=60&PID=104;M
http://tvf-web.dataproject.com/CompetitionHome.aspx?ID=50;F
http://tvf-web.dataproject.com/CompetitionHome.aspx?ID=56;F
http://mevza-web.dataproject.com/CompetitionHome.aspx?ID=36;M
http://ovv-web.dataproject.com/CompetitionHome.aspx?ID=97;F
http://ovv-web.dataproject.com/CompetitionHome.aspx?ID=96;M
https://www.euromillionsvolleyleague.be/CompetitionHome.aspx?ID=14;M
